[
{
    "model": "accounts.user",
    "pk": 1,
    "fields": {
        "password": "pbkdf2_sha256$120000$0PPgAV4yVXjU$UU8G0lfYoCIANsARAUeTB8ccmirycrTUddm9vea+RVc=",
        "last_login": "2019-05-16T14:00:13.219",
        "is_superuser": true,
        "username": "admin",
        "first_name": "",
        "last_name": "",
        "email": "",
        "is_staff": true,
        "is_active": true,
        "date_joined": "2019-05-16T13:59:54.624",
        "groups": [],
        "user_permissions": [],
        "followers": []
    }
},
{
    "model": "accounts.user",
    "pk": 2,
    "fields": {
        "password": "pbkdf2_sha256$120000$FcRFGIsIg59V$QETzjpL6PFfUmHoYhGZuwdDrrtM8grpDeBp6GrOFokA=",
        "last_login": null,
        "is_superuser": true,
        "username": "admin2",
        "first_name": "",
        "last_name": "",
        "email": "",
        "is_staff": true,
        "is_active": true,
        "date_joined": "2019-05-16T16:40:30.083",
        "groups": [],
        "user_permissions": [],
        "followers": []
    }
}
]
